id,type,bounding box,r,g,b
1,0,"[0.5, 0.5, 0.5]",0.7098039215686275,0.1450980392156863,0.14901960784313725
id,type,bounding box,r,g,b
1,0,"[0.5, 0.5, 0.5]",0.5529411764705883,0.043137254901960784,0.09411764705882353
id,type,bounding box,r,g,b
1,0,"[0.5, 0.5, 0.5]",0.7098039215686275,0.1450980392156863,0.14901960784313725
